{"command.restartServer":"重新啟動伺服器","extension.description":"使用 Black 格式器對 Python 檔案進行格式化支援。","settings.args.description":"傳遞至 Black 以格式化 Python 檔案的引數。每個引數都應該在陣列中以個別字串形式提供。\n範例:\n`\"black-formatter.args\" = [\"--config\", \"<file>\"]`","settings.cwd.description":"設定用來格式化具有 Black 的 Python 檔案的目前工作目錄。根據預設，它會使用工作區 '${workspaceFolder}' 的根目錄。您可以將它設定為 '${fileDirname}' 以使用要格式化為 Black 工作目錄之檔案的父資料夾。","settings.importStrategy.description":"定義要用來格式化 Python 檔案的 Black 格式器二進位。當設為 'useBundled' 時，延伸模組會使用延伸模組隨附的 Black 格式器二進位。當設為 'fromEnvironment' 時，延伸模組會嘗試使用目前選取環境中可用的 Black 格式器二進位與所有相依性。**注意**: 如果延伸模組在選取的環境中找不到有效的 Black 格式器二進位，則會使用延伸模組隨附的二進位遞補。'lack-formatter.path' 設定的優先順序較高，並且會覆寫 'black-formatter.importStrategy' 的行為。","settings.importStrategy.fromEnvironment.description":"使用選取之 Python 環境的 Black 二進位。如果延伸模組找不到有效的 Black 二進位，則會使用 Black 的套件組合版本遞補。","settings.importStrategy.useBundled.description":"一律使用 Black 的套件組合版本來格式化 Python 檔案。","settings.interpreter.description":"用來啟動 Black 伺服器及任何子流程的 Python 可執行檔或命令的路徑。接受單一或多個字串的陣列。當設為 '[]' 時，延伸模組會使用選取 Python 解譯器的路徑。如果傳遞命令，每個引數都應該在陣列中以個別字串形式提供。","settings.path.description":"延伸模組會使用以透過 Black 來格式化 Python 檔案的路徑或命令。接受單一或多個字串的陣列。如果傳遞命令，每個引數都應該在陣列中以個別字串形式提供。如果設為 `[\"black\"]`，它會使用 'PATH' 環境變數中可用的 Black 版本。注意: 使用此選項可能會使格式化變慢。\n 範例:\n - `[\"~/global_env/black\"]`\n - `[\"conda\", \"run\", \"-n\", \"lint_env\", \"python\", \"-m\", \"black\"]`","settings.serverTransport.description":"選取 Black 伺服器要使用的傳輸通訊協定。設定為 `stdio` 時，延伸模組會使用標準輸入/輸出資料流與 Black 伺服器通訊。當設定為 `pipe` 時，延伸模組將使用具名管道 (在 Windows 上) 或 Unix 網域通訊端 (在 Linux/Mac 上) 來與 Black 伺服器通訊。`stdio` 傳輸通訊協定是大多數用戶的預設和建議選項。","settings.serverTransport.pipe.description":"使用具名管道 (在 Windows 上) 和 Unix 網域通訊端 (在 linux/mac 上) 與 Black 伺服器通訊。","settings.serverTransport.stdio.description":"使用標準輸入/輸出資料流與 Black 伺服器通訊。","settings.showNotifications.always.description":"格式化 Python 檔案時，會為伺服器選擇要顯示的的任何內容顯示通知。","settings.showNotifications.description":"控制此擴充功能何時顯示通知。","settings.showNotifications.off.description":"已關閉所有通知，記錄中仍可使用任何格式化 Python 檔案時的錯誤或警告。","settings.showNotifications.onError.description":"只有在格式化 Python 檔案而發生錯誤時才會顯示通知。","settings.showNotifications.onWarning.description":"格式化 Python 檔案時，會顯示任何錯誤和警告的通知。"}
