{"command.restartServer":"서버 다시 시작","extension.description":"Black 포맷터를 사용하여 Python 파일에 대한 서식 지정 지원","settings.args.description":"Python 파일의 서식을 지정하기 위해 Black에 전달된 인수입니다. 각 인수는 배열에서 별도의 문자열로 제공되어야 합니다. \n 예: \n `\"black-formatter.args\" = [\"--config\", \"<file>\"]`","settings.cwd.description":"Python 파일의 서식을 Black으로 지정하는 데 사용되는 현재 작업 디렉터리를 설정합니다. 기본적으로 '${workspaceFolder}' 작업 영역의 루트 디렉터리를 사용합니다. '${fileDirname}'(으)로 설정하여 Black의 작업 디렉터리로 서식이 지정되는 파일의 부모 폴더를 사용할 수 있습니다.","settings.importStrategy.description":"Python 파일의 서식을 지정하는 데 사용할 Black 포맷터 이진을 정의합니다. 'useBundled'로 설정하면 확장은 확장과 함께 제공되는 Black 포맷터 이진을 사용합니다. 'fromEnvironment'로 설정하면 확장에서 현재 선택한 환경에서 사용할 수 있는 모든 종속성과 Black 포맷터 이진을 사용하려고 합니다. **참고**: 확장이 선택한 환경에서 유효한 Black 포맷터 이진을 찾을 수 없는 경우 확장과 함께 제공되는 이진을 사용하는 것으로 대체됩니다. 'black-formatter.path' 설정이 우선적으로 적용되고 'black-formatter.importStrategy'의 동작을 재정의합니다.","settings.importStrategy.fromEnvironment.description":"선택한 Python 환경에서 Black 이진을 사용합니다. 확장이 유효한 Black 이진을 찾지 못하면 번들 버전의 Black을 사용하도록 대체됩니다.","settings.importStrategy.useBundled.description":"Python 파일의 서식을 지정하려면 항상 번들 버전의 Black을 사용하십시오.","settings.interpreter.description":"Black 서버 및 모든 하위 프로세스를 시작하는 데 사용할 Python 실행 파일 또는 명령의 경로입니다. 단일 또는 여러 문자열의 배열을 허용합니다. '[]'로 설정하면 확장에서 선택한 Python 인터프리터로의 경로를 사용합니다. 명령을 전달하는 경우 각 인수는 배열에서 별도의 문자열로 제공되어야 합니다.","settings.path.description":"확장에서 Python 파일의 서식을 Black으로 지정하는 데 사용할 경로 또는 명령입니다. 단일 또는 여러 문자열의 배열을 허용합니다. 명령을 전달하는 경우 각 인수는 배열에서 별도의 문자열로 제공되어야 합니다. '[\"black\"]'으로 설정하면 'PATH' 환경 변수에서 사용할 수 있는 Black 버전을 사용합니다. 참고: 이 옵션을 사용하면 서식 지정이 느려질 수 있습니다. \n  예: \n  - `[\"~/global_env/black\"]` \n  - `[\"conda\", \"run\", \"-n\", \"lint_env\", \"python\", \"-m\", \"black\"]`","settings.serverTransport.description":"Black 서버에서 사용할 전송 프로토콜을 선택합니다. 'stdio'로 설정하면 확장에서 표준 입출력 스트림을 사용하여 Black 서버와 통신합니다. 'pipe'로 설정하면 확장에서 명명된 파이프(Windows) 또는 Unix 도메인 소켓(Linux/Mac)을 사용하여 Black 서버와 통신합니다. 'stdio' 전송 프로토콜은 대부분의 사용자에게 기본 및 권장 옵션입니다.","settings.serverTransport.pipe.description":"명명된 파이프(Windows)와 Unix 도메인 소켓(Linux/Mac)을 사용하여 Black 서버와 통신합니다.","settings.serverTransport.stdio.description":"표준 입출력 스트림을 사용하여 Black 서버와 통신합니다.","settings.showNotifications.always.description":"Python 파일의 서식을 지정할 때 서버에서 표시하도록 선택한 모든 항목에 대한 알림이 표시됩니다.","settings.showNotifications.description":"이 확장에서 알림을 표시하는 시기를 제어합니다.","settings.showNotifications.off.description":"모든 알림이 꺼져 있으며 Python 파일 서식을 지정할 때 발생하는 오류 또는 경고는 로그에서 계속 사용할 수 있습니다.","settings.showNotifications.onError.description":"알림은 Python 파일의 서식을 지정할 때 오류가 발생한 경우에만 표시됩니다.","settings.showNotifications.onWarning.description":"Python 파일의 서식을 지정할 때 오류 및 경고에 대한 알림이 표시됩니다."}
